[{"station":"Central/Western","aqhi":3,"health_risk":"Low","publish_date":"2021-02-28T09:30:00"},{"station":"Southern","aqhi":3,"health_risk":"Low","publish_date":"2021-02-28T09:30:00"},{"station":"Eastern","aqhi":3,"health_risk":"Low","publish_date":"2021-02-28T09:30:00"},{"station":"Kwun Tong","aqhi":3,"health_risk":"Low","publish_date":"2021-02-28T09:30:00"},{"station":"Sham Shui Po","aqhi":3,"health_risk":"Low","publish_date":"2021-02-28T09:30:00"},{"station":"Kwai Chung","aqhi":3,"health_risk":"Low","publish_date":"2021-02-28T09:30:00"},{"station":"Tsuen Wan","aqhi":3,"health_risk":"Low","publish_date":"2021-02-28T09:30:00"},{"station":"Tseung Kwan O","aqhi":3,"health_risk":"Low","publish_date":"2021-02-28T09:30:00"},{"station":"Yuen Long","aqhi":3,"health_risk":"Low","publish_date":"2021-02-28T09:30:00"},{"station":"Tuen Mun","aqhi":3,"health_risk":"Low","publish_date":"2021-02-28T09:30:00"},{"station":"Tung Chung","aqhi":3,"health_risk":"Low","publish_date":"2021-02-28T09:30:00"},{"station":"Tai Po","aqhi":3,"health_risk":"Low","publish_date":"2021-02-28T09:30:00"},{"station":"Sha Tin","aqhi":3,"health_risk":"Low","publish_date":"2021-02-28T09:30:00"},{"station":"North","aqhi":3,"health_risk":"Low","publish_date":"2021-02-28T09:30:00"},{"station":"Tap Mun","aqhi":3,"health_risk":"Low","publish_date":"2021-02-28T09:30:00"},{"station":"Causeway Bay","aqhi":3,"health_risk":"Low","publish_date":"2021-02-28T09:30:00"},{"station":"Central","aqhi":3,"health_risk":"Low","publish_date":"2021-02-28T09:30:00"},{"station":"Mong Kok","aqhi":3,"health_risk":"Low","publish_date":"2021-02-28T09:30:00"}]