[{"station":"Central/Western","aqhi":4,"health_risk":"Moderate","publish_date":"2021-03-03T17:30:00"},{"station":"Southern","aqhi":4,"health_risk":"Moderate","publish_date":"2021-03-03T17:30:00"},{"station":"Eastern","aqhi":4,"health_risk":"Moderate","publish_date":"2021-03-03T17:30:00"},{"station":"Kwun Tong","aqhi":4,"health_risk":"Moderate","publish_date":"2021-03-03T17:30:00"},{"station":"Sham Shui Po","aqhi":4,"health_risk":"Moderate","publish_date":"2021-03-03T17:30:00"},{"station":"Kwai Chung","aqhi":4,"health_risk":"Moderate","publish_date":"2021-03-03T17:30:00"},{"station":"Tsuen Wan","aqhi":4,"health_risk":"Moderate","publish_date":"2021-03-03T17:30:00"},{"station":"Tseung Kwan O","aqhi":4,"health_risk":"Moderate","publish_date":"2021-03-03T17:30:00"},{"station":"Yuen Long","aqhi":4,"health_risk":"Moderate","publish_date":"2021-03-03T17:30:00"},{"station":"Tuen Mun","aqhi":4,"health_risk":"Moderate","publish_date":"2021-03-03T17:30:00"},{"station":"Tung Chung","aqhi":3,"health_risk":"Low","publish_date":"2021-03-03T17:30:00"},{"station":"Tai Po","aqhi":4,"health_risk":"Moderate","publish_date":"2021-03-03T17:30:00"},{"station":"Sha Tin","aqhi":4,"health_risk":"Moderate","publish_date":"2021-03-03T17:30:00"},{"station":"North","aqhi":4,"health_risk":"Moderate","publish_date":"2021-03-03T17:30:00"},{"station":"Tap Mun","aqhi":4,"health_risk":"Moderate","publish_date":"2021-03-03T17:30:00"},{"station":"Causeway Bay","aqhi":4,"health_risk":"Moderate","publish_date":"2021-03-03T17:30:00"},{"station":"Central","aqhi":4,"health_risk":"Moderate","publish_date":"2021-03-03T17:30:00"},{"station":"Mong Kok","aqhi":4,"health_risk":"Moderate","publish_date":"2021-03-03T17:30:00"}]