{"rainfall":{"data":[{"unit":"mm","place":"Central &amp; Western District","max":0,"main":"FALSE"},{"unit":"mm","place":"Eastern District","max":0,"main":"FALSE"},{"unit":"mm","place":"Kwai Tsing","max":0,"main":"FALSE"},{"unit":"mm","place":"Islands District","max":0,"main":"FALSE"},{"unit":"mm","place":"North District","max":0,"main":"FALSE"},{"unit":"mm","place":"Sai Kung","max":0,"main":"FALSE"},{"unit":"mm","place":"Sha Tin","max":0,"main":"FALSE"},{"unit":"mm","place":"Southern District","max":0,"main":"FALSE"},{"unit":"mm","place":"Tai Po","max":0,"main":"FALSE"},{"unit":"mm","place":"Tsuen Wan","max":0,"main":"FALSE"},{"unit":"mm","place":"Tuen Mun","max":0,"main":"FALSE"},{"unit":"mm","place":"Wan Chai","max":0,"main":"FALSE"},{"unit":"mm","place":"Yuen Long","max":0,"main":"FALSE"},{"unit":"mm","place":"Yau Tsim Mong","max":0,"main":"FALSE"},{"unit":"mm","place":"Sham Shui Po","max":0,"main":"FALSE"},{"unit":"mm","place":"Kowloon City","max":0,"main":"FALSE"},{"unit":"mm","place":"Wong Tai Sin","max":0,"main":"FALSE"},{"unit":"mm","place":"Kwun Tong","max":0,"main":"FALSE"}],"startTime":"2021-02-17T08:45:00+08:00","endTime":"2021-02-17T09:45:00+08:00"},"icon":[50],"iconUpdateTime":"2021-02-17T06:00:00+08:00","uvindex":{"data":[{"place":"King's Park","value":2,"desc":"low"}],"recordDesc":"During the past hour"},"updateTime":"2021-02-17T10:02:00+08:00","temperature":{"data":[{"place":"King's Park","value":19,"unit":"C"},{"place":"Hong Kong Observatory","value":20,"unit":"C"},{"place":"Wong Chuk Hang","value":21,"unit":"C"},{"place":"Ta Kwu Ling","value":19,"unit":"C"},{"place":"Lau Fau Shan","value":19,"unit":"C"},{"place":"Tai Po","value":20,"unit":"C"},{"place":"Sha Tin","value":20,"unit":"C"},{"place":"Tuen Mun","value":19,"unit":"C"},{"place":"Tseung Kwan O","value":21,"unit":"C"},{"place":"Sai Kung","value":19,"unit":"C"},{"place":"Cheung Chau","value":20,"unit":"C"},{"place":"Chek Lap Kok","value":20,"unit":"C"},{"place":"Tsing Yi","value":20,"unit":"C"},{"place":"Shek Kong","value":20,"unit":"C"},{"place":"Tsuen Wan Ho Koon","value":18,"unit":"C"},{"place":"Tsuen Wan Shing Mun Valley","value":20,"unit":"C"},{"place":"Hong Kong Park","value":20,"unit":"C"},{"place":"Shau Kei Wan","value":21,"unit":"C"},{"place":"Kowloon City","value":19,"unit":"C"},{"place":"Happy Valley","value":21,"unit":"C"},{"place":"Wong Tai Sin","value":20,"unit":"C"},{"place":"Stanley","value":20,"unit":"C"},{"place":"Kwun Tong","value":20,"unit":"C"},{"place":"Sham Shui Po","value":21,"unit":"C"},{"place":"Kai Tak Runway Park","value":21,"unit":"C"},{"place":"Yuen Long Park","value":21,"unit":"C"},{"place":"Tai Mei Tuk","value":22,"unit":"C"}],"recordTime":"2021-02-17T10:00:00+08:00"},"warningMessage":["The Fire Danger Warning is Yellow and the fire risk is high."],"mintempFrom00To09":"","rainfallFrom00To12":"","rainfallLastMonth":"","rainfallJanuaryToLastMonth":"","tcmessage":"","humidity":{"recordTime":"2021-02-17T10:00:00+08:00","data":[{"unit":"percent","value":63,"place":"Hong Kong Observatory"}]}}