{"rainfall":{"data":[{"unit":"mm","place":"Central &amp; Western District","max":21,"min":15,"main":"FALSE"},{"unit":"mm","place":"Eastern District","max":23,"min":16,"main":"FALSE"},{"unit":"mm","place":"Kwai Tsing","max":10,"min":6,"main":"FALSE"},{"unit":"mm","place":"Islands District","max":26,"min":0,"main":"FALSE"},{"unit":"mm","place":"North District","max":3,"min":0,"main":"FALSE"},{"unit":"mm","place":"Sai Kung","max":9,"min":0,"main":"FALSE"},{"unit":"mm","place":"Sha Tin","max":7,"min":4,"main":"FALSE"},{"unit":"mm","place":"Southern District","max":22,"min":13,"main":"FALSE"},{"unit":"mm","place":"Tai Po","max":8,"min":1,"main":"FALSE"},{"unit":"mm","place":"Tsuen Wan","max":12,"min":3,"main":"FALSE"},{"unit":"mm","place":"Tuen Mun","max":9,"min":2,"main":"FALSE"},{"unit":"mm","place":"Wan Chai","max":24,"min":17,"main":"FALSE"},{"unit":"mm","place":"Yuen Long","max":4,"min":1,"main":"FALSE"},{"unit":"mm","place":"Yau Tsim Mong","max":13,"min":10,"main":"FALSE"},{"unit":"mm","place":"Sham Shui Po","max":12,"min":8,"main":"FALSE"},{"unit":"mm","place":"Kowloon City","max":15,"min":7,"main":"FALSE"},{"unit":"mm","place":"Wong Tai Sin","max":9,"min":4,"main":"FALSE"},{"unit":"mm","place":"Kwun Tong","max":15,"min":10,"main":"FALSE"}],"startTime":"2021-02-26T20:45:00+08:00","endTime":"2021-02-26T21:45:00+08:00"},"icon":[63],"iconUpdateTime":"2021-02-26T20:45:00+08:00","uvindex":"","updateTime":"2021-02-26T22:02:00+08:00","temperature":{"data":[{"place":"King's Park","value":21,"unit":"C"},{"place":"Hong Kong Observatory","value":21,"unit":"C"},{"place":"Wong Chuk Hang","value":21,"unit":"C"},{"place":"Ta Kwu Ling","value":21,"unit":"C"},{"place":"Lau Fau Shan","value":21,"unit":"C"},{"place":"Tai Po","value":20,"unit":"C"},{"place":"Sha Tin","value":21,"unit":"C"},{"place":"Tuen Mun","value":20,"unit":"C"},{"place":"Tseung Kwan O","value":21,"unit":"C"},{"place":"Sai Kung","value":22,"unit":"C"},{"place":"Cheung Chau","value":20,"unit":"C"},{"place":"Chek Lap Kok","value":21,"unit":"C"},{"place":"Tsing Yi","value":21,"unit":"C"},{"place":"Shek Kong","value":20,"unit":"C"},{"place":"Tsuen Wan Ho Koon","value":20,"unit":"C"},{"place":"Tsuen Wan Shing Mun Valley","value":20,"unit":"C"},{"place":"Hong Kong Park","value":21,"unit":"C"},{"place":"Shau Kei Wan","value":20,"unit":"C"},{"place":"Kowloon City","value":21,"unit":"C"},{"place":"Happy Valley","value":22,"unit":"C"},{"place":"Wong Tai Sin","value":21,"unit":"C"},{"place":"Stanley","value":21,"unit":"C"},{"place":"Kwun Tong","value":21,"unit":"C"},{"place":"Sham Shui Po","value":21,"unit":"C"},{"place":"Kai Tak Runway Park","value":21,"unit":"C"},{"place":"Yuen Long Park","value":21,"unit":"C"},{"place":"Tai Mei Tuk","value":20,"unit":"C"}],"recordTime":"2021-02-26T22:00:00+08:00"},"warningMessage":"","mintempFrom00To09":"","rainfallFrom00To12":"","rainfallLastMonth":"","rainfallJanuaryToLastMonth":"","tcmessage":"","humidity":{"recordTime":"2021-02-26T22:00:00+08:00","data":[{"unit":"percent","value":95,"place":"Hong Kong Observatory"}]}}