{"rainfall":{"data":[{"unit":"mm","place":"Central &amp; Western District","max":0,"main":"FALSE"},{"unit":"mm","place":"Eastern District","max":0,"main":"FALSE"},{"unit":"mm","place":"Kwai Tsing","max":0,"main":"FALSE"},{"unit":"mm","place":"Islands District","max":0,"main":"FALSE"},{"unit":"mm","place":"North District","max":0,"main":"FALSE"},{"unit":"mm","place":"Sai Kung","max":0,"main":"FALSE"},{"unit":"mm","place":"Sha Tin","max":0,"main":"FALSE"},{"unit":"mm","place":"Southern District","max":0,"main":"FALSE"},{"unit":"mm","place":"Tai Po","max":0,"main":"FALSE"},{"unit":"mm","place":"Tsuen Wan","max":0,"main":"FALSE"},{"unit":"mm","place":"Tuen Mun","max":0,"main":"FALSE"},{"unit":"mm","place":"Wan Chai","max":0,"main":"FALSE"},{"unit":"mm","place":"Yuen Long","max":0,"main":"FALSE"},{"unit":"mm","place":"Yau Tsim Mong","max":0,"main":"FALSE"},{"unit":"mm","place":"Sham Shui Po","max":0,"main":"FALSE"},{"unit":"mm","place":"Kowloon City","max":0,"main":"FALSE"},{"unit":"mm","place":"Wong Tai Sin","max":0,"main":"FALSE"},{"unit":"mm","place":"Kwun Tong","max":0,"main":"FALSE"}],"startTime":"2021-02-15T13:45:00+08:00","endTime":"2021-02-15T14:45:00+08:00"},"icon":[50],"iconUpdateTime":"2021-02-15T06:00:00+08:00","uvindex":{"data":[{"place":"King's Park","value":5,"desc":"moderate"}],"recordDesc":"During the past hour"},"updateTime":"2021-02-15T15:02:00+08:00","temperature":{"data":[{"place":"King's Park","value":25,"unit":"C"},{"place":"Hong Kong Observatory","value":25,"unit":"C"},{"place":"Wong Chuk Hang","value":25,"unit":"C"},{"place":"Ta Kwu Ling","value":27,"unit":"C"},{"place":"Lau Fau Shan","value":27,"unit":"C"},{"place":"Tai Po","value":24,"unit":"C"},{"place":"Sha Tin","value":25,"unit":"C"},{"place":"Tuen Mun","value":25,"unit":"C"},{"place":"Tseung Kwan O","value":26,"unit":"C"},{"place":"Sai Kung","value":23,"unit":"C"},{"place":"Cheung Chau","value":23,"unit":"C"},{"place":"Chek Lap Kok","value":26,"unit":"C"},{"place":"Tsing Yi","value":27,"unit":"C"},{"place":"Shek Kong","value":27,"unit":"C"},{"place":"Tsuen Wan Ho Koon","value":26,"unit":"C"},{"place":"Tsuen Wan Shing Mun Valley","value":27,"unit":"C"},{"place":"Hong Kong Park","value":25,"unit":"C"},{"place":"Shau Kei Wan","value":24,"unit":"C"},{"place":"Kowloon City","value":27,"unit":"C"},{"place":"Happy Valley","value":27,"unit":"C"},{"place":"Wong Tai Sin","value":25,"unit":"C"},{"place":"Stanley","value":25,"unit":"C"},{"place":"Kwun Tong","value":25,"unit":"C"},{"place":"Sham Shui Po","value":26,"unit":"C"},{"place":"Kai Tak Runway Park","value":23,"unit":"C"},{"place":"Yuen Long Park","value":28,"unit":"C"},{"place":"Tai Mei Tuk","value":28,"unit":"C"}],"recordTime":"2021-02-15T15:00:00+08:00"},"warningMessage":["The Fire Danger Warning is Yellow and the fire risk is high."],"mintempFrom00To09":"","rainfallFrom00To12":"","rainfallLastMonth":"","rainfallJanuaryToLastMonth":"","tcmessage":"","humidity":{"recordTime":"2021-02-15T15:00:00+08:00","data":[{"unit":"percent","value":42,"place":"Hong Kong Observatory"}]}}