[{"station_code": "CLK", "station_name_en": "Chek Lap Kok", "station_name_tc": "赤鱲角", "station_name_sc": "赤鱲角", "date_of_first_operation": "1997-06-01", "latitude": 22.30944444, "longitude": 113.9219444, "above_mean_sea_level": 6}, {"station_code": "CCH", "station_name_en": "Cheung Chau", "station_name_tc": "長洲", "station_name_sc": "长洲", "date_of_first_operation": "1992-03-30", "latitude": 22.20111111, "longitude": 114.0266667, "above_mean_sea_level": 72}, {"station_code": "HPV", "station_name_en": "Happy Valley", "station_name_tc": "跑馬地", "station_name_sc": "跑马地", "date_of_first_operation": "2008-12-01", "latitude": 22.27055556, "longitude": 114.1836111, "above_mean_sea_level": 5}, {"station_code": "HKO", "station_name_en": "Hong Kong Observatory", "station_name_tc": "天文台", "station_name_sc": "天文台", "date_of_first_operation": "1884-01-01", "latitude": 22.30194444, "longitude": 114.1741667, "above_mean_sea_level": 32}, {"station_code": "HKP", "station_name_en": "Hong Kong Park", "station_name_tc": "香港公園", "station_name_sc": "香港公园", "date_of_first_operation": "2007-09-04", "latitude": 22.27833333, "longitude": 114.1622222, "above_mean_sea_level": 26}, {"station_code": "SE1", "station_name_en": "Kai Tak Runway Park", "station_name_tc": "啟德跑道公園", "station_name_sc": "启德跑道公园", "date_of_first_operation": "2014-12-17", "latitude": 22.30972222, "longitude": 114.2133333, "above_mean_sea_level": 3.8}, {"station_code": "KP", "station_name_en": "King's Park", "station_name_tc": "京士柏", "station_name_sc": "京士柏", "date_of_first_operation": "1992-07-01", "latitude": 22.31194444, "longitude": 114.1727778, "above_mean_sea_level": 65}, {"station_code": "KLT", "station_name_en": "Kowloon City", "station_name_tc": "九龍城", "station_name_sc": "九龙城", "date_of_first_operation": "1998-09-04", "latitude": 22.335, "longitude": 114.1847222, "above_mean_sea_level": 92}, {"station_code": "KTG", "station_name_en": "Kwun Tong", "station_name_tc": "觀塘", "station_name_sc": "观塘", "date_of_first_operation": "2009-10-21", "latitude": 22.31861111, "longitude": 114.2247222, "above_mean_sea_level": 90}, {"station_code": "LFS", "station_name_en": "Lau Fau Shan", "station_name_tc": "流浮山", "station_name_sc": "流浮山", "date_of_first_operation": "1985-09-16", "latitude": 22.46888889, "longitude": 113.9836111, "above_mean_sea_level": 31}, {"station_code": "SKG", "station_name_en": "Sai Kung", "station_name_tc": "西貢", "station_name_sc": "西贡", "date_of_first_operation": "1993-03-03", "latitude": 22.37555556, "longitude": 114.2744444, "above_mean_sea_level": 4}, {"station_code": "SHA", "station_name_en": "Sha Tin", "station_name_tc": "沙田", "station_name_sc": "沙田", "date_of_first_operation": "1984-10-01", "latitude": 22.4025, "longitude": 114.21, "above_mean_sea_level": 6}, {"station_code": "SSP", "station_name_en": "Sham Shui Po", "station_name_tc": "深水埗", "station_name_sc": "深水埗", "date_of_first_operation": "2010-03-09", "latitude": 22.33583333, "longitude": 114.1369444, "above_mean_sea_level": 11}, {"station_code": "SKW", "station_name_en": "Shau Kei Wan", "station_name_tc": "筲箕灣", "station_name_sc": "筲箕湾", "date_of_first_operation": "2007-09-17", "latitude": 22.28166667, "longitude": 114.2361111, "above_mean_sea_level": 53}, {"station_code": "SEK", "station_name_en": "Shek Kong", "station_name_tc": "石崗", "station_name_sc": "石岗", "date_of_first_operation": "1996-11-04", "latitude": 22.43611111, "longitude": 114.0847222, "above_mean_sea_level": 16}, {"station_code": "STY", "station_name_en": "Stanley", "station_name_tc": "赤柱", "station_name_sc": "赤柱", "date_of_first_operation": "2009-06-12", "latitude": 22.21416667, "longitude": 114.2186111, "above_mean_sea_level": 31}, {"station_code": "TKL", "station_name_en": "Ta Kwu Ling", "station_name_tc": "打鼓嶺", "station_name_sc": "打鼓岭", "date_of_first_operation": "1985-10-14", "latitude": 22.52861111, "longitude": 114.1566667, "above_mean_sea_level": 15}, {"station_code": "PLC", "station_name_en": "Tai Mei Tuk", "station_name_tc": "大美督", "station_name_sc": "大美督", "date_of_first_operation": "1993-01-01", "latitude": 22.47527778, "longitude": 114.2375, "above_mean_sea_level": 51}, {"station_code": "TPO", "station_name_en": "Tai Po", "station_name_tc": "大埔", "station_name_sc": "大埔", "date_of_first_operation": "1999-02-03", "latitude": 22.44611111, "longitude": 114.1788889, "above_mean_sea_level": 15}, {"station_code": "JKB", "station_name_en": "Tseung Kwan O", "station_name_tc": "將軍澳", "station_name_sc": "将军澳", "date_of_first_operation": "1991-12-01", "latitude": 22.31583333, "longitude": 114.2555556, "above_mean_sea_level": 38}, {"station_code": "TY1", "station_name_en": "Tsing Yi", "station_name_tc": "青衣", "station_name_sc": "青衣", "date_of_first_operation": "2010-08-23", "latitude": 22.34805556, "longitude": 114.1091667, "above_mean_sea_level": 8}, {"station_code": "TWN", "station_name_en": "Tsuen Wan", "station_name_tc": "荃灣", "station_name_sc": "荃湾", "date_of_first_operation": "2006-04-25", "latitude": 22.38361111, "longitude": 114.1077778, "above_mean_sea_level": 142}, {"station_code": "TW", "station_name_en": "Tsuen Wan Shing Mun Valley", "station_name_tc": "荃灣城門谷", "station_name_sc": "荃湾城门谷", "date_of_first_operation": "2010-12-07", "latitude": 22.37555556, "longitude": 114.1238889, "above_mean_sea_level": 35}, {"station_code": "TU1", "station_name_en": "Tuen Mun", "station_name_tc": "屯門", "station_name_sc": "屯门", "date_of_first_operation": "2007-01-01", "latitude": 22.39055556, "longitude": 113.9766667, "above_mean_sea_level": 28}, {"station_code": "HKS", "station_name_en": "Wong Chuk Hang", "station_name_tc": "黃竹坑", "station_name_sc": "黃竹坑", "date_of_first_operation": "1989-08-01", "latitude": 22.24777778, "longitude": 114.1736111, "above_mean_sea_level": 5}, {"station_code": "WTS", "station_name_en": "Wong Tai Sin", "station_name_tc": "黃大仙", "station_name_sc": "黄大仙", "date_of_first_operation": "2009-03-27", "latitude": 22.33944444, "longitude": 114.2052778, "above_mean_sea_level": 21}, {"station_code": "YLP", "station_name_en": "Yuen Long Park", "station_name_tc": "元朗公園", "station_name_sc": "元朗公园", "date_of_first_operation": "2015-03-20", "latitude": 22.41888889, "longitude": 113.9961111, "above_mean_sea_level": 8}]